{"cameraMode":{"drawMode":0,"name":"Shaded","section":"Shading Mode"},"sceneLighting":true,"audioPlay":false,"sceneViewState":{"m_AlwaysRefresh":false,"showFog":true,"showSkybox":true,"showFlares":true,"showImageEffects":true,"showParticleSystems":true,"showVisualEffectGraphs":true,"m_FxEnabled":true},"in2DMode":false,"pivot":{"x":1098.5906982421875,"y":-0.0002379493962507695,"z":708.9405517578125},"rotation":{"x":-0.3510585129261017,"y":-0.21705645322799684,"z":0.0840156078338623,"w":-0.906965434551239},"size":261.8846740722656,"orthographic":false}